{
  "FF Ori": [
    {"diamond": 2300, "price": 1},
    {"diamond": 3600, "price": 2},
    {"diamond": 4500, "price": 3},
    {"diamond": 5600, "price": 4},
    {"diamond": 6700, "price": 5},
    {"diamond": 8600, "price": 5},
    {"diamond": 11500, "price": 5}
  ],
  "FF Max": [
    {"diamond": 2300, "price": 1},
    {"diamond": 3600, "price": 2},
    {"diamond": 4500, "price": 3},
    {"diamond": 5600, "price": 4},
    {"diamond": 6700, "price": 5},
    {"diamond": 8600, "price": 5},
    {"diamond": 11500, "price": 5}
  ]
}